paciente_id,sintoma_id,intensidade,data_registro
71,6,1,2025-11-14 20:09:12
86,8,4,2025-10-22 20:09:12
99,8,7,2025-10-19 20:09:12
1,8,5,2025-10-27 20:09:12
53,4,3,2025-11-02 20:09:12
19,8,4,2025-11-13 20:09:12
97,3,1,2025-11-14 20:09:12
67,6,8,2025-11-04 20:09:12
90,4,8,2025-11-05 20:09:12
68,5,2,2025-11-03 20:09:12
71,1,4,2025-11-10 20:09:12
96,3,9,2025-10-25 20:09:12
39,3,3,2025-10-20 20:09:12
79,2,4,2025-10-24 20:09:12
82,4,1,2025-10-22 20:09:12
38,6,3,2025-11-13 20:09:12
4,7,5,2025-10-19 20:09:12
39,7,8,2025-11-10 20:09:12
79,2,4,2025-11-03 20:09:12
82,7,9,2025-10-30 20:09:12
40,2,8,2025-10-24 20:09:12
4,7,10,2025-11-03 20:09:12
96,8,6,2025-11-15 20:09:12
43,3,10,2025-10-22 20:09:12
43,4,3,2025-10-25 20:09:12
22,5,10,2025-10-22 20:09:12
79,1,8,2025-10-30 20:09:12
4,6,4,2025-10-25 20:09:12
12,5,4,2025-11-01 20:09:12
7,6,1,2025-10-21 20:09:12
67,4,9,2025-11-15 20:09:12
13,6,5,2025-10-29 20:09:12
60,1,5,2025-10-27 20:09:12
48,6,3,2025-11-17 20:09:12
28,6,3,2025-10-19 20:09:12
95,4,1,2025-10-23 20:09:12
63,1,10,2025-10-26 20:09:12
15,2,7,2025-11-13 20:09:12
73,6,1,2025-11-03 20:09:12
52,8,9,2025-10-31 20:09:12
70,8,9,2025-10-28 20:09:12
39,1,10,2025-10-31 20:09:12
10,6,5,2025-10-23 20:09:12
97,2,7,2025-11-02 20:09:12
16,4,5,2025-11-08 20:09:12
71,4,7,2025-11-06 20:09:12
45,1,4,2025-10-29 20:09:12
78,5,4,2025-10-26 20:09:12
5,6,10,2025-10-26 20:09:12
32,8,2,2025-11-02 20:09:12
46,7,7,2025-11-15 20:09:12
87,3,3,2025-11-01 20:09:12
19,3,9,2025-10-24 20:09:12
59,2,10,2025-10-24 20:09:12
69,4,8,2025-10-27 20:09:12
5,1,4,2025-11-14 20:09:12
44,8,6,2025-10-31 20:09:12
38,1,1,2025-10-23 20:09:12
41,2,1,2025-11-08 20:09:12
91,1,6,2025-11-12 20:09:12
19,3,10,2025-10-22 20:09:12
59,4,1,2025-10-31 20:09:12
61,2,9,2025-10-29 20:09:12
93,6,2,2025-10-26 20:09:12
73,5,2,2025-11-03 20:09:12
90,6,4,2025-11-11 20:09:12
4,3,5,2025-10-28 20:09:12
24,5,8,2025-11-02 20:09:12
67,8,4,2025-10-24 20:09:12
71,8,5,2025-10-23 20:09:12
90,5,8,2025-10-31 20:09:12
97,2,9,2025-11-16 20:09:12
85,6,9,2025-10-31 20:09:12
92,3,10,2025-11-12 20:09:12
72,7,4,2025-10-31 20:09:12
39,2,8,2025-11-04 20:09:12
98,3,2,2025-10-29 20:09:12
29,4,10,2025-10-30 20:09:12
33,5,9,2025-11-03 20:09:12
18,7,7,2025-11-10 20:09:12
85,5,7,2025-10-28 20:09:12
67,8,9,2025-10-27 20:09:12
18,6,2,2025-10-18 20:09:12
72,3,5,2025-10-22 20:09:12
55,4,6,2025-11-02 20:09:12
38,4,3,2025-10-19 20:09:12
76,6,4,2025-11-15 20:09:12
88,8,4,2025-11-02 20:09:12
7,8,1,2025-11-17 20:09:12
38,6,5,2025-10-27 20:09:12
80,4,8,2025-10-30 20:09:12
57,5,10,2025-11-08 20:09:12
53,4,3,2025-10-31 20:09:12
82,4,7,2025-11-12 20:09:12
43,8,3,2025-10-23 20:09:12
30,4,7,2025-10-30 20:09:12
32,8,5,2025-10-27 20:09:12
48,7,8,2025-10-20 20:09:12
49,2,10,2025-11-07 20:09:12
32,8,4,2025-11-05 20:09:12
